,MARC
0,2
1,2
2,2
3,2
4,2
5,1
6,1
7,1
8,1
9,1
10,1
11,1
12,2
13,1
14,1
15,1
16,1
17,1
18,2
19,1
20,1
21,2
22,2
23,1
24,1
25,1
26,1
27,2
28,1
29,1
30,1
31,2
32,2
33,1
34,2
35,1
36,2
37,1
38,1
39,1
40,1
41,1
42,1
43,1
44,1
45,1
46,1
47,1
48,1
49,1
50,1
51,1
52,1
53,2
54,1
55,1
56,1
57,2
58,1
59,1
60,1
61,1
62,1
63,1
64,1
65,2
66,1
67,1
68,1
69,1
70,1
71,1
72,1
73,1
74,1
75,2
76,1
77,1
78,1
79,1
80,1
81,2
82,1
83,1
84,2
85,1
86,1
87,1
88,1
89,1
90,1
91,1
92,1
93,1
94,1
95,1
96,1
97,1
98,1
99,1
100,1
101,1
102,1
103,2
104,1
105,1
106,1
107,1
108,1
109,1
110,1
111,1
112,2
113,1
114,1
115,1
116,1
117,1
118,1
119,2
120,1
121,2
122,1
123,1
124,1
125,1
126,1
127,1
128,1
129,1
130,2
131,1
132,1
133,1
134,1
135,1
136,2
137,1
138,1
139,1
140,1
141,1
142,2
143,1
144,1
145,1
146,2
147,2
148,1
149,1
150,1
151,1
152,2
153,1
154,2
155,1
156,1
157,1
158,1
159,1
160,2
161,1
162,2
163,1
164,1
165,2
166,1
167,1
168,1
169,1
170,1
171,1
172,1
173,1
174,2
175,2
176,1
177,1
178,1
179,1
180,1
181,1
182,1
183,1
184,1
185,2
186,1
187,1
188,1
189,2
190,2
191,2
192,1
193,2
194,1
195,1
196,1
197,2
198,1
199,1
200,1
201,1
202,1
203,1
204,2
205,1
206,1
207,1
208,1
209,1
210,1
211,1
212,1
213,1
214,1
215,2
216,1
217,2
218,1
219,1
220,1
221,1
222,2
223,1
224,2
225,2
226,2
227,1
228,1
229,2
230,1
231,2
232,2
233,2
234,2
235,2
236,2
237,2
238,2
239,2
240,2
241,2
242,2
243,2
244,1
245,1
246,2
247,1
248,1
249,2
250,1
251,1
252,2
253,1
254,1
255,1
256,1
257,1
258,1
259,1
260,1
261,1
262,1
263,2
264,2
265,1
266,1
267,1
268,2
269,2
270,1
271,1
272,1
273,1
274,1
275,1
276,1
277,2
278,1
279,1
280,1
281,1
282,1
283,2
284,1
285,1
286,1
287,2
288,2
289,1
290,2
291,1
292,1
293,1
294,1
295,2
296,2
297,1
298,2
299,2
300,1
301,1
302,1
303,2
304,2
305,2
306,2
307,2
308,2
309,1
310,1
311,2
312,1
313,2
314,1
315,1
316,1
317,1
318,1
319,1
320,1
321,2
322,1
323,1
324,2
325,1
326,1
327,2
328,2
329,1
330,1
331,1
332,1
333,1
334,1
335,1
336,1
337,1
338,1
339,1
340,2
341,1
342,2
343,1
344,2
345,1
346,1
347,2
348,2
349,1
350,1
351,1
352,2
353,1
354,1
355,1
356,1
357,2
358,1
359,1
360,2
361,1
362,2
363,1
364,1
365,2
366,1
367,1
368,1
369,1
370,2
371,1
372,1
373,1
374,1
375,1
376,2
377,1
378,1
379,1
380,1
381,1
382,1
383,1
384,1
385,2
386,1
387,1
388,1
389,1
390,1
391,1
392,1
393,1
394,1
395,1
396,1
397,1
398,1
399,1
400,1
401,1
402,1
403,1
404,1
405,2
406,1
407,1
408,1
409,1
410,1
411,1
412,1
413,1
414,1
415,1
416,1
417,1
418,1
419,2
420,1
421,1
422,1
423,1
424,1
425,1
426,1
427,1
428,1
429,1
430,1
431,1
432,1
433,1
434,1
435,1
436,2
437,1
438,1
439,1
440,1
441,1
442,1
443,2
444,1
445,1
446,1
447,1
448,2
449,1
450,1
451,2
452,2
453,1
454,1
455,2
456,1
457,2
458,2
459,1
460,2
461,2
462,2
463,2
464,2
465,1
466,1
467,1
468,1
469,1
470,2
471,1
472,1
473,1
474,1
475,1
476,2
477,1
478,1
479,1
480,1
481,1
482,2
483,1
484,1
485,1
486,1
487,1
488,1
489,1
490,1
491,1
492,1
493,1
494,1
495,1
496,1
497,1
498,1
499,1
500,1
501,2
502,1
503,2
504,1
505,2
506,1
507,2
508,2
509,2
510,1
511,2
512,1
513,1
514,1
515,1
516,2
517,1
518,1
519,2
520,2
521,2
522,1
523,2
524,2
525,1
526,1
527,1
528,2
529,2
530,1
531,1
532,1
533,1
534,1
535,1
536,1
537,2
538,1
539,1
540,1
541,1
542,1
543,1
544,1
545,1
546,1
547,1
548,2
549,1
550,2
551,2
552,1
553,1
554,1
555,1
556,1
557,1
558,2
559,1
560,1
561,1
562,1
563,1
564,2
565,1
566,2
567,2
568,2
569,1
570,1
571,1
572,2
573,1
574,2
575,1
576,1
577,2
578,2
579,2
580,2
581,2
582,2
583,2
584,2
585,1
586,2
587,1
588,1
589,1
590,2
591,1
592,2
593,2
594,1
595,1
596,1
597,2
598,1
599,1
600,1
601,1
602,1
603,2
604,2
605,2
606,2
607,2
608,1
609,1
610,1
611,2
612,2
613,1
614,1
615,2
616,1
617,1
618,2
619,2
620,1
621,1
622,1
623,2
624,1
625,1
626,1
627,2
628,1
629,1
630,1
631,1
632,1
633,1
634,1
635,2
636,1
637,1
638,1
639,1
640,1
641,1
642,1
643,2
644,2
645,1
646,2
647,2
648,1
649,1
650,1
651,1
652,1
653,1
654,2
655,1
656,2
657,2
658,2
659,1
660,1
661,2
662,1
663,1
664,1
665,1
666,1
667,2
668,1
669,2
670,2
671,2
672,2
673,1
674,1
675,1
676,1
677,1
678,1
679,1
680,1
681,1
682,1
683,1
684,1
685,1
686,1
687,1
688,1
689,1
690,1
691,1
692,1
693,1
694,1
695,1
696,1
697,1
698,1
699,1
700,1
701,1
702,1
703,1
704,1
705,1
706,1
707,1
708,1
709,1
710,1
711,1
712,2
713,1
714,2
715,1
716,1
717,1
718,1
719,2
720,2
721,1
722,1
723,1
724,1
725,1
726,2
727,1
728,1
729,1
730,2
731,2
732,1
733,1
734,1
735,2
736,1
737,1
738,2
739,1
740,1
741,1
742,2
743,1
744,1
745,2
746,2
747,1
748,2
749,2
750,2
751,2
752,2
753,2
754,1
755,2
756,2
757,1
758,1
759,1
760,1
761,1
762,1
763,1
764,1
765,1
766,1
767,1
768,1
769,1
770,1
771,1
772,1
773,2
774,1
775,1
776,1
777,1
778,1
779,1
780,1
781,1
782,2
783,2
784,1
785,1
786,1
787,1
788,1
789,1
790,1
791,1
792,2
793,1
794,1
795,1
796,1
797,1
798,1
799,1
800,1
801,1
802,2
803,1
804,1
805,1
806,1
807,1
808,2
809,1
810,1
811,1
812,2
813,1
814,1
815,1
816,1
817,1
818,1
819,2
820,1
821,1
822,1
823,1
824,2
825,1
826,1
827,1
828,1
829,1
830,1
831,1
832,2
833,1
834,1
835,1
836,1
837,2
838,1
839,1
840,2
841,2
842,2
843,1
844,2
845,2
846,1
847,1
848,1
849,2
850,2
851,2
852,2
853,2
854,1
855,1
856,1
857,2
858,2
859,1
860,2
861,2
862,1
863,1
864,1
865,1
866,1
867,1
868,2
869,1
870,1
871,1
872,1
873,1
874,1
875,2
876,1
877,2
878,2
879,1
880,1
881,1
882,1
883,1
884,1
885,1
886,1
887,1
888,1
889,1
890,2
891,1
892,1
893,1
894,1
895,1
896,1
897,1
898,2
899,1
900,1
901,2
902,1
903,1
904,1
905,1
906,1
907,1
908,1
909,1
910,1
911,1
912,1
913,1
914,1
915,1
916,1
917,1
918,1
919,2
920,1
921,1
922,2
923,1
924,1
925,1
926,2
927,1
928,2
929,2
930,1
931,1
932,1
933,1
934,1
935,1
936,2
937,1
938,1
939,2
940,1
941,2
942,2
943,1
944,1
945,2
946,1
947,1
948,2
949,2
950,2
951,2
952,2
953,1
954,2
955,2
956,2
957,2
958,1
959,1
960,2
961,2
962,1
963,1
964,2
965,1
966,1
967,2
968,1
969,1
970,1
971,1
972,1
973,1
974,2
975,1
976,1
977,2
978,1
979,1
980,1
981,1
982,2
983,1
984,1
985,2
986,2
987,1
988,1
989,1
990,1
991,1
992,1
993,1
994,1
995,1
996,1
997,1
998,1
999,2
1000,1
1001,1
1002,2
1003,1
1004,1
1005,1
1006,1
1007,1
1008,1
1009,2
1010,1
1011,1
1012,1
1013,1
1014,1
1015,2
1016,2
1017,1
1018,2
1019,1
1020,1
1021,1
1022,1
1023,1
1024,2
1025,1
1026,1
1027,1
1028,1
1029,1
1030,1
1031,1
1032,1
1033,1
1034,1
1035,1
1036,1
1037,1
1038,1
1039,1
1040,2
1041,1
1042,2
1043,1
1044,1
1045,2
1046,1
1047,1
1048,1
1049,1
1050,1
1051,1
1052,2
1053,1
1054,1
1055,1
1056,1
1057,2
1058,1
1059,1
1060,2
1061,1
1062,1
1063,1
1064,1
1065,2
1066,1
1067,1
1068,1
1069,1
1070,1
1071,2
1072,1
1073,1
1074,2
1075,1
1076,1
1077,1
1078,1
1079,1
1080,1
1081,1
1082,1
1083,1
1084,2
1085,2
1086,1
1087,1
1088,1
1089,1
1090,1
1091,1
1092,1
1093,1
1094,1
1095,1
1096,1
1097,1
1098,2
1099,1
1100,1
1101,2
1102,1
1103,1
1104,1
1105,2
1106,2
1107,1
1108,1
1109,1
1110,2
1111,2
1112,1
1113,1
1114,1
1115,1
1116,2
1117,1
1118,1
1119,1
1120,2
1121,1
1122,1
1123,1
1124,1
1125,1
1126,1
1127,1
1128,1
1129,2
1130,1
1131,1
1132,1
1133,1
1134,1
1135,1
1136,1
1137,1
1138,2
1139,1
1140,1
1141,1
1142,1
1143,1
1144,1
1145,1
1146,1
1147,1
1148,2
1149,1
1150,1
1151,1
1152,1
1153,1
1154,2
1155,1
1156,1
1157,2
1158,1
1159,1
1160,2
1161,2
1162,1
1163,2
1164,1
1165,1
1166,1
1167,1
1168,1
1169,2
1170,1
1171,2
1172,2
1173,2
1174,1
1175,1
1176,1
1177,1
1178,2
1179,2
1180,1
1181,2
1182,2
1183,2
1184,2
1185,2
1186,2
1187,2
1188,2
1189,2
1190,1
1191,2
1192,2
1193,2
1194,2
1195,2
1196,2
1197,2
1198,2
1199,2
1200,2
1201,2
1202,2
1203,2
1204,2
1205,2
1206,2
1207,2
1208,1
1209,1
1210,2
1211,1
1212,1
1213,2
1214,2
1215,1
1216,1
1217,1
1218,1
1219,2
1220,1
1221,1
1222,1
1223,1
1224,1
1225,1
1226,1
1227,1
1228,1
1229,1
1230,1
1231,2
1232,1
1233,1
1234,2
1235,1
1236,1
1237,2
1238,2
1239,1
1240,1
1241,1
1242,1
1243,1
1244,1
1245,1
1246,1
1247,1
1248,1
1249,1
1250,2
1251,1
1252,1
1253,1
1254,1
1255,1
1256,1
1257,1
1258,2
1259,1
1260,1
1261,1
1262,1
1263,1
1264,1
1265,1
1266,1
1267,1
1268,1
1269,1
1270,1
1271,1
1272,1
1273,1
1274,2
1275,1
1276,2
1277,2
1278,1
1279,1
1280,1
1281,1
1282,1
1283,1
1284,1
1285,1
1286,1
1287,1
1288,2
1289,1
1290,1
1291,1
1292,1
1293,1
1294,1
1295,1
1296,1
1297,2
1298,1
1299,1
1300,1
1301,1
1302,1
1303,1
1304,1
1305,2
1306,1
1307,1
1308,1
1309,1
1310,2
1311,2
1312,1
1313,2
1314,1
1315,1
1316,1
1317,2
1318,1
1319,1
1320,1
1321,1
1322,1
1323,2
1324,1
1325,1
1326,1
1327,1
1328,1
1329,2
1330,1
1331,1
1332,1
1333,2
1334,2
1335,1
1336,1
1337,1
1338,1
1339,1
1340,1
1341,1
1342,1
1343,2
1344,1
1345,1
1346,1
1347,1
1348,1
1349,1
1350,1
1351,1
1352,2
1353,1
1354,1
1355,2
1356,1
1357,1
1358,1
1359,1
1360,1
1361,1
1362,1
1363,1
1364,2
1365,1
1366,1
1367,2
1368,1
1369,1
1370,1
1371,1
1372,1
1373,1
1374,1
1375,1
1376,1
1377,1
1378,1
1379,1
1380,1
1381,2
1382,1
1383,1
1384,1
1385,1
1386,2
1387,1
1388,1
1389,1
1390,1
1391,2
1392,1
1393,1
1394,2
1395,1
1396,1
1397,2
1398,1
1399,1
1400,1
1401,1
1402,1
1403,1
1404,2
1405,1
1406,2
1407,1
1408,1
1409,2
1410,1
1411,2
1412,1
1413,2
1414,2
1415,1
1416,1
1417,2
1418,1
1419,1
1420,1
1421,1
1422,2
1423,2
1424,1
1425,1
1426,2
1427,1
1428,1
1429,1
1430,2
1431,2
1432,1
1433,2
1434,2
1435,1
1436,1
1437,2
1438,2
1439,1
1440,2
1441,2
1442,2
1443,2
1444,1
1445,2
1446,2
1447,2
1448,2
1449,2
1450,2
1451,2
1452,2
1453,1
1454,1
1455,1
1456,2
1457,2
1458,1
1459,2
1460,1
1461,1
1462,2
1463,1
1464,1
1465,2
1466,1
1467,1
1468,2
1469,2
1470,1
1471,1
1472,1
1473,1
1474,1
1475,1
1476,1
1477,1
1478,1
1479,1
1480,1
1481,1
1482,2
1483,1
1484,1
1485,1
1486,1
1487,2
1488,1
1489,1
1490,1
1491,1
1492,1
1493,1
1494,1
1495,1
1496,1
1497,1
1498,1
1499,2
1500,1
1501,1
1502,1
1503,1
1504,2
1505,1
1506,2
1507,1
1508,1
1509,2
1510,1
1511,2
1512,2
1513,2
1514,1
1515,1
1516,1
1517,1
1518,2
1519,1
1520,1
1521,1
1522,2
1523,1
1524,1
1525,2
1526,1
1527,2
1528,1
1529,1
1530,2
1531,2
1532,2
1533,1
1534,1
1535,1
1536,1
1537,1
1538,1
1539,1
1540,2
1541,1
1542,1
1543,2
1544,1
1545,1
1546,1
1547,1
1548,1
1549,1
1550,1
1551,1
1552,1
1553,1
1554,1
1555,2
1556,1
1557,1
1558,1
1559,1
1560,1
1561,2
1562,1
1563,1
1564,1
1565,1
1566,1
1567,1
1568,1
1569,2
1570,1
1571,1
1572,2
1573,1
1574,1
1575,1
1576,1
1577,1
1578,1
1579,2
1580,1
1581,1
1582,2
1583,1
1584,1
1585,2
1586,1
1587,2
1588,1
1589,1
1590,2
1591,1
1592,2
1593,1
1594,1
1595,1
1596,1
1597,1
1598,2
1599,2
1600,1
1601,1
1602,2
1603,2
1604,1
1605,2
1606,1
1607,1
1608,2
1609,1
1610,2
1611,1
1612,2
1613,2
1614,2
1615,1
1616,1
1617,2
1618,2
1619,1
1620,2
1621,2
1622,2
1623,1
1624,2
1625,1
1626,1
1627,2
1628,1
1629,1
1630,2
1631,1
1632,2
1633,1
1634,1
1635,1
1636,2
1637,2
1638,1
1639,1
1640,1
1641,2
1642,1
1643,2
1644,1
1645,1
1646,1
1647,1
1648,1
1649,1
1650,1
1651,1
1652,1
1653,1
1654,1
1655,1
1656,1
1657,2
1658,2
1659,1
1660,2
1661,1
1662,2
1663,1
1664,2
1665,1
1666,2
1667,2
1668,2
1669,1
1670,1
1671,1
1672,1
1673,1
1674,1
1675,1
1676,2
1677,1
1678,2
1679,2
1680,1
1681,1
1682,2
1683,1
1684,1
1685,2
1686,1
1687,1
1688,1
1689,2
1690,1
1691,2
1692,1
1693,1
1694,1
1695,1
1696,2
1697,2
1698,1
1699,1
1700,1
1701,1
1702,1
1703,1
1704,2
1705,1
1706,1
1707,2
1708,1
1709,2
1710,2
1711,1
1712,1
1713,1
1714,1
1715,2
1716,1
1717,2
1718,1
1719,1
1720,2
1721,1
1722,1
1723,1
1724,1
1725,1
1726,1
1727,2
1728,1
1729,2
1730,1
1731,1
1732,1
1733,2
1734,2
1735,1
1736,2
1737,1
1738,2
1739,2
1740,1
1741,1
1742,2
1743,1
1744,2
1745,2
1746,1
1747,1
1748,1
1749,2
1750,1
1751,1
1752,1
1753,2
1754,2
1755,2
1756,2
1757,2
1758,2
1759,1
1760,1
1761,1
1762,1
1763,2
1764,1
1765,1
1766,1
1767,1
1768,1
1769,2
1770,2
1771,1
1772,2
1773,1
1774,1
1775,2
1776,1
1777,1
1778,1
1779,2
1780,2
1781,2
1782,2
1783,2
1784,1
1785,2
1786,2
1787,2
1788,2
1789,1
1790,1
1791,2
1792,1
1793,2
1794,1
1795,2
1796,2
1797,2
1798,2
1799,2
1800,2
1801,2
1802,2
1803,2
1804,2
1805,2
1806,2
1807,2
1808,2
1809,2
1810,1
1811,2
1812,2
1813,2
1814,2
1815,2
1816,2
1817,2
1818,2
1819,2
1820,2
1821,2
1822,2
1823,2
1824,2
1825,1
1826,2
1827,2
1828,1
1829,1
1830,1
1831,2
1832,2
1833,1
1834,2
1835,2
1836,2
1837,2
1838,1
1839,1
1840,1
1841,2
1842,2
1843,1
1844,1
1845,1
1846,1
1847,1
1848,1
1849,1
1850,1
1851,1
1852,1
1853,1
1854,2
1855,2
1856,2
1857,1
1858,1
1859,1
1860,1
1861,2
1862,1
1863,1
1864,2
1865,1
1866,2
1867,1
1868,1
1869,1
1870,2
1871,1
1872,2
1873,1
1874,1
1875,2
1876,1
1877,1
1878,2
1879,2
1880,1
1881,1
1882,1
1883,1
1884,1
1885,1
1886,1
1887,1
1888,1
1889,1
1890,2
1891,1
1892,1
1893,1
1894,1
1895,1
1896,1
1897,1
1898,1
1899,1
1900,2
1901,1
1902,1
1903,1
1904,1
1905,1
1906,2
1907,1
1908,1
1909,1
1910,1
1911,1
1912,1
1913,1
1914,1
1915,1
1916,2
1917,1
1918,1
1919,1
1920,1
1921,1
1922,1
1923,1
1924,2
1925,1
1926,1
1927,1
1928,1
1929,1
1930,1
1931,1
1932,1
1933,1
1934,1
1935,1
1936,1
1937,1
1938,1
1939,1
1940,1
1941,1
1942,1
1943,1
1944,2
1945,1
1946,2
1947,1
1948,2
1949,1
1950,1
1951,1
1952,2
1953,1
1954,2
1955,1
1956,2
1957,1
1958,1
1959,1
1960,1
1961,1
1962,2
1963,2
1964,1
1965,1
1966,1
1967,1
1968,1
1969,1
1970,2
1971,1
1972,1
1973,1
1974,1
1975,1
1976,1
1977,1
1978,2
1979,1
1980,1
1981,1
1982,1
1983,1
1984,1
1985,2
1986,1
1987,2
1988,1
1989,1
1990,1
1991,2
1992,1
1993,1
1994,1
1995,1
1996,1
1997,1
1998,1
1999,1
2000,1
2001,1
2002,1
2003,2
2004,1
2005,1
2006,1
2007,2
2008,1
2009,1
2010,1
2011,1
2012,2
2013,1
2014,1
2015,1
2016,1
2017,1
2018,1
2019,1
2020,1
2021,1
2022,1
2023,1
2024,2
2025,1
2026,1
2027,1
2028,1
2029,1
2030,1
2031,2
2032,1
2033,1
2034,1
2035,1
2036,2
2037,1
2038,1
2039,1
2040,1
2041,1
2042,1
2043,1
2044,1
2045,1
2046,1
2047,1
2048,1
2049,2
2050,1
2051,1
2052,1
2053,1
2054,2
2055,1
2056,1
2057,1
2058,1
2059,2
2060,2
2061,1
2062,2
2063,1
2064,1
2065,2
2066,1
2067,2
2068,1
2069,1
2070,1
2071,2
2072,2
2073,2
2074,2
2075,2
2076,1
2077,2
2078,1
2079,2
2080,2
2081,2
2082,2
2083,2
2084,2
2085,2
2086,2
2087,2
2088,2
2089,1
2090,2
2091,2
2092,2
2093,2
2094,2
2095,1
2096,2
2097,2
2098,2
2099,2
2100,2
2101,2
2102,2
2103,2
2104,2
2105,2
2106,2
2107,2
2108,2
2109,2
2110,1
2111,1
2112,2
2113,1
2114,2
2115,1
2116,1
2117,1
2118,1
2119,2
2120,1
2121,1
2122,1
2123,1
2124,1
2125,2
2126,2
2127,1
2128,2
2129,2
2130,1
2131,1
2132,1
2133,1
2134,1
2135,1
2136,1
2137,2
2138,1
2139,2
2140,1
2141,1
2142,1
2143,1
2144,1
2145,2
2146,1
2147,1
2148,1
2149,1
2150,1
2151,1
2152,1
2153,1
2154,1
2155,1
2156,1
2157,1
2158,1
2159,1
2160,2
2161,1
2162,1
2163,1
2164,1
2165,1
2166,1
2167,1
2168,1
2169,1
2170,1
2171,1
2172,1
2173,1
2174,1
2175,1
2176,1
2177,1
2178,1
2179,1
2180,1
2181,2
2182,1
2183,1
2184,1
2185,1
2186,1
2187,1
2188,2
2189,1
2190,1
2191,1
2192,1
2193,1
2194,2
2195,1
2196,1
2197,1
2198,1
2199,2
2200,2
2201,2
2202,1
2203,2
2204,1
2205,1
2206,1
2207,1
2208,2
2209,2
2210,2
2211,2
2212,2
2213,2
2214,1
2215,1
2216,2
2217,2
2218,2
2219,2
2220,2
2221,2
2222,1
2223,1
2224,2
2225,1
2226,2
2227,2
2228,1
2229,1
2230,1
2231,1
2232,1
2233,1
2234,1
2235,1
2236,1
2237,1
2238,1
2239,1
2240,1
2241,1
2242,2
2243,1
2244,1
2245,1
2246,2
2247,1
2248,1
2249,1
2250,2
2251,1
2252,2
2253,1
2254,1
2255,2
2256,1
2257,1
2258,1
2259,1
2260,2
2261,1
2262,1
2263,1
2264,1
2265,1
2266,1
2267,1
2268,1
2269,1
2270,1
2271,1
2272,1
2273,1
2274,1
2275,1
2276,1
2277,1
2278,1
2279,1
2280,1
2281,2
2282,1
2283,1
2284,1
2285,1
2286,2
2287,2
2288,1
2289,1
2290,2
2291,1
2292,1
2293,1
2294,2
2295,1
2296,1
2297,1
2298,1
2299,1
2300,1
2301,2
2302,1
2303,2
2304,2
2305,1
2306,1
2307,2
2308,1
2309,1
2310,1
2311,1
2312,1
2313,2
2314,2
2315,2
2316,1
2317,2
2318,2
2319,2
2320,2
2321,1
2322,2
2323,2
2324,2
2325,1
2326,2
2327,1
2328,1
2329,2
2330,1
2331,1
2332,1
2333,1
2334,2
2335,1
2336,1
2337,1
2338,1
2339,1
2340,1
2341,1
2342,1
2343,1
2344,2
2345,1
2346,1
2347,1
2348,1
2349,2
2350,2
2351,2
2352,2
2353,1
2354,1
2355,1
2356,2
2357,1
2358,1
2359,1
2360,1
2361,1
2362,1
2363,1
2364,2
2365,2
2366,2
2367,1
2368,1
2369,2
2370,2
2371,1
2372,1
2373,1
2374,1
2375,1
2376,2
2377,1
2378,1
2379,1
2380,1
2381,1
2382,1
2383,1
2384,1
2385,1
2386,1
2387,1
2388,1
2389,1
2390,2
2391,1
2392,1
2393,1
2394,1
2395,1
2396,1
2397,1
2398,1
2399,1
2400,1
2401,1
2402,2
2403,2
2404,2
2405,2
2406,2
2407,2
2408,2
2409,1
2410,1
2411,2
2412,2
2413,2
2414,1
2415,1
2416,1
2417,1
2418,2
2419,1
2420,1
2421,1
2422,1
2423,2
2424,1
2425,2
2426,1
2427,2
2428,1
2429,1
2430,2
2431,1
2432,2
2433,1
2434,2
2435,1
2436,1
2437,1
2438,1
2439,1
2440,1
2441,1
2442,1
2443,1
2444,1
2445,1
2446,1
2447,1
2448,1
2449,2
2450,1
2451,1
2452,1
2453,1
2454,1
2455,1
2456,1
2457,1
2458,1
2459,1
2460,1
2461,1
2462,2
2463,1
2464,1
2465,1
2466,1
2467,2
2468,1
2469,1
2470,1
2471,1
2472,1
2473,1
2474,1
2475,1
2476,1
2477,1
2478,1
2479,1
2480,1
2481,1
2482,1
2483,1
2484,2
2485,1
2486,2
2487,1
2488,1
2489,1
2490,1
2491,1
2492,2
2493,2
2494,1
2495,1
2496,2
2497,2
2498,2
2499,1
2500,2
2501,2
2502,2
2503,2
2504,2
2505,2
2506,2
2507,1
2508,2
2509,2
2510,2
2511,1
2512,1
2513,1
2514,1
2515,1
2516,2
2517,1
2518,1
2519,1
2520,2
2521,1
2522,1
2523,1
2524,1
2525,1
2526,1
2527,1
2528,1
2529,1
2530,1
2531,1
2532,1
2533,1
2534,1
2535,2
2536,2
2537,1
2538,1
2539,1
2540,1
2541,1
2542,1
2543,1
2544,1
2545,2
2546,1
2547,1
2548,2
2549,1
2550,1
2551,1
2552,1
2553,1
2554,1
2555,1
2556,1
2557,1
2558,1
2559,1
2560,1
2561,1
2562,2
2563,1
2564,1
2565,1
2566,1
2567,1
2568,2
2569,1
2570,1
2571,1
2572,1
2573,1
2574,1
2575,1
2576,1
2577,1
2578,1
2579,1
2580,2
2581,1
2582,1
2583,1
2584,2
2585,1
2586,2
2587,1
2588,1
2589,2
2590,2
2591,1
2592,2
2593,2
2594,1
2595,1
2596,2
2597,2
2598,2
2599,1
2600,2
2601,2
2602,2
2603,1
2604,1
2605,1
2606,2
2607,1
2608,1
2609,2
2610,2
2611,2
2612,1
2613,1
2614,1
2615,1
2616,1
2617,1
2618,2
2619,1
2620,1
2621,1
2622,1
2623,2
2624,1
2625,1
2626,2
2627,1
2628,1
2629,1
2630,1
2631,1
2632,1
2633,1
2634,1
2635,1
2636,1
2637,1
2638,1
2639,1
2640,1
2641,1
2642,1
2643,1
2644,1
2645,2
2646,1
2647,1
2648,1
2649,2
2650,2
2651,1
2652,1
2653,1
2654,1
2655,1
2656,1
2657,1
2658,1
2659,2
2660,1
2661,2
2662,1
2663,1
2664,1
2665,2
2666,1
2667,1
2668,1
2669,1
2670,1
2671,1
2672,1
2673,1
2674,1
2675,1
2676,1
2677,1
2678,2
2679,1
2680,1
2681,2
2682,1
2683,1
2684,2
2685,1
2686,1
2687,1
2688,1
2689,1
2690,1
2691,1
2692,2
2693,1
2694,1
2695,1
2696,2
2697,1
2698,2
2699,1
2700,1
2701,1
2702,1
2703,2
2704,1
2705,1
2706,2
2707,2
2708,2
2709,1
2710,1
2711,2
2712,1
2713,1
2714,2
2715,2
2716,1
2717,1
2718,2
2719,1
2720,1
2721,1
2722,1
2723,1
2724,1
2725,1
2726,1
2727,2
2728,1
2729,1
2730,2
2731,2
2732,2
2733,1
2734,1
2735,1
2736,1
2737,1
2738,1
2739,1
2740,1
2741,1
2742,1
2743,1
2744,1
2745,1
2746,1
2747,1
2748,1
2749,1
2750,2
2751,1
2752,1
2753,1
2754,2
2755,1
2756,1
2757,2
2758,1
2759,2
2760,2
2761,1
2762,2
2763,2
2764,2
2765,2
2766,2
2767,2
2768,1
2769,2
2770,2
2771,2
2772,2
2773,2
2774,2
2775,2
2776,2
2777,2
2778,1
2779,1
2780,1
2781,1
2782,2
2783,1
2784,1
2785,1
2786,1
2787,2
2788,1
2789,2
2790,1
2791,2
2792,2
2793,1
2794,1
2795,1
2796,1
2797,1
2798,1
2799,1
2800,1
2801,1
2802,2
2803,1
2804,2
2805,1
2806,1
2807,1
2808,2
2809,1
2810,1
2811,1
2812,1
2813,1
2814,2
2815,1
2816,2
2817,1
2818,1
2819,2
2820,1
2821,1
2822,1
2823,1
2824,1
2825,1
2826,1
2827,1
2828,1
2829,1
2830,1
2831,1
2832,1
2833,1
2834,1
2835,1
2836,1
2837,1
2838,1
2839,1
2840,1
2841,1
2842,2
2843,1
2844,1
2845,1
2846,1
2847,1
2848,1
2849,1
2850,1
2851,1
2852,1
2853,1
2854,1
2855,1
2856,1
2857,1
2858,2
2859,1
2860,1
2861,1
2862,1
2863,1
2864,1
2865,1
2866,1
2867,2
2868,1
2869,1
2870,1
2871,1
2872,1
2873,2
2874,1
2875,1
2876,1
2877,1
2878,1
2879,1
2880,1
2881,1
2882,1
2883,1
2884,1
2885,1
2886,2
2887,1
2888,1
2889,1
2890,1
2891,1
2892,1
2893,1
2894,1
2895,1
2896,2
2897,1
2898,1
2899,2
2900,1
2901,1
2902,1
2903,1
2904,1
2905,2
2906,2
2907,1
2908,2
2909,1
2910,2
2911,2
2912,1
2913,1
2914,1
2915,1
2916,1
2917,1
2918,1
2919,1
2920,1
2921,2
2922,1
2923,1
2924,1
2925,1
2926,1
2927,1
2928,1
2929,1
2930,1
2931,1
2932,1
2933,1
2934,1
2935,1
2936,2
2937,1
2938,1
2939,1
2940,1
2941,1
2942,1
2943,1
2944,1
2945,2
2946,1
2947,1
2948,2
2949,1
2950,1
2951,1
2952,2
2953,1
2954,1
2955,1
2956,1
2957,1
2958,1
2959,1
2960,1
2961,1
2962,1
2963,1
2964,1
2965,2
2966,1
2967,1
2968,2
2969,1
2970,2
2971,2
2972,1
2973,1
2974,1
2975,1
2976,1
2977,1
2978,2
2979,1
2980,1
2981,1
2982,1
2983,1
2984,1
2985,1
2986,2
2987,1
2988,1
2989,1
2990,1
2991,1
2992,1
2993,1
2994,1
2995,1
2996,1
2997,1
2998,1
2999,1
3000,1
3001,2
3002,1
3003,2
3004,1
3005,1
3006,1
3007,1
3008,1
3009,1
3010,1
3011,1
3012,2
3013,1
3014,2
3015,1
3016,2
3017,1
3018,1
3019,1
3020,1
3021,1
3022,1
3023,1
3024,1
3025,2
3026,1
3027,1
3028,1
3029,1
3030,1
3031,1
3032,2
3033,1
3034,1
3035,1
3036,1
3037,1
3038,1
3039,2
3040,1
3041,1
3042,1
3043,2
3044,1
3045,1
3046,1
3047,1
3048,2
3049,1
3050,2
3051,1
3052,1
3053,1
3054,1
3055,1
3056,2
3057,2
3058,1
3059,2
3060,1
3061,2
3062,2
3063,2
3064,1
3065,2
3066,2
3067,1
3068,2
3069,2
3070,2
3071,2
3072,2
3073,2
3074,2
3075,2
3076,2
3077,2
3078,2
3079,2
3080,2
3081,2
3082,2
3083,2
3084,2
3085,1
3086,1
3087,2
3088,1
3089,1
3090,1
3091,1
3092,1
3093,1
3094,1
3095,1
3096,1
3097,1
3098,1
3099,2
3100,2
3101,1
3102,1
3103,1
3104,1
3105,1
3106,1
3107,1
3108,2
3109,1
3110,2
3111,2
3112,1
3113,1
3114,1
3115,1
3116,1
3117,1
3118,1
3119,1
3120,1
3121,1
3122,1
3123,1
3124,1
3125,2
3126,1
3127,1
3128,1
3129,1
3130,1
3131,1
3132,1
3133,1
3134,1
3135,1
3136,1
3137,2
3138,2
3139,1
3140,1
3141,1
3142,2
3143,1
3144,1
3145,1
3146,1
3147,1
3148,1
3149,1
3150,1
3151,1
3152,2
3153,1
3154,2
3155,2
3156,2
3157,2
3158,2
3159,2
3160,2
3161,2
3162,1
3163,2
3164,2
3165,2
3166,1
3167,1
3168,1
3169,1
3170,1
3171,1
3172,1
3173,1
3174,1
3175,2
3176,1
3177,1
3178,1
3179,1
3180,2
3181,2
3182,2
3183,1
3184,1
3185,1
3186,1
3187,1
3188,1
3189,1
3190,1
3191,1
3192,1
3193,1
3194,1
3195,1
3196,1
3197,1
3198,1
3199,1
3200,1
3201,1
3202,1
3203,1
3204,1
3205,1
3206,1
3207,1
3208,1
3209,1
3210,1
3211,1
3212,1
3213,1
3214,1
3215,2
3216,2
3217,2
3218,2
3219,1
3220,1
3221,1
3222,1
3223,1
3224,1
3225,1
3226,1
3227,1
3228,1
3229,2
3230,1
3231,1
3232,1
3233,1
3234,1
3235,1
3236,1
3237,1
3238,1
3239,1
3240,1
3241,1
3242,1
3243,1
3244,1
3245,2
3246,1
3247,1
3248,1
3249,1
3250,1
3251,1
3252,1
3253,1
3254,1
3255,1
3256,1
3257,1
3258,1
3259,1
3260,1
3261,1
3262,1
3263,2
3264,1
3265,1
3266,1
3267,1
3268,1
3269,1
3270,1
3271,1
3272,1
3273,1
3274,1
3275,1
3276,1
3277,1
3278,2
3279,1
3280,1
3281,1
3282,1
3283,1
3284,1
3285,1
3286,1
3287,1
3288,1
3289,1
3290,1
3291,1
3292,1
3293,1
3294,1
3295,1
3296,1
3297,1
3298,2
3299,1
3300,2
3301,2
3302,1
3303,1
3304,1
3305,1
3306,1
3307,1
3308,1
3309,1
3310,1
3311,2
3312,1
3313,2
3314,2
3315,1
3316,2
3317,2
3318,2
3319,2
3320,2
3321,2
3322,2
3323,1
3324,2
3325,1
3326,2
3327,2
3328,2
3329,1
3330,2
3331,1
3332,1
3333,2
3334,1
3335,1
3336,2
3337,2
3338,2
3339,1
3340,1
3341,2
3342,1
3343,1
3344,2
3345,2
3346,2
3347,2
3348,2
3349,2
3350,1
3351,2
3352,1
3353,1
3354,2
3355,1
3356,1
3357,1
3358,2
3359,1
3360,1
3361,1
3362,1
3363,1
3364,1
3365,2
3366,2
3367,1
3368,1
3369,1
3370,1
3371,1
3372,1
3373,1
3374,1
3375,1
3376,1
3377,1
3378,1
3379,1
3380,1
3381,1
3382,2
3383,1
3384,1
3385,1
3386,2
3387,1
3388,2
3389,1
3390,2
3391,1
3392,1
3393,1
3394,2
3395,2
3396,1
3397,1
3398,1
3399,1
3400,2
3401,1
3402,1
3403,2
3404,1
3405,1
3406,1
3407,2
3408,1
3409,1
3410,1
3411,1
3412,2
3413,1
3414,1
3415,1
3416,1
3417,1
3418,1
3419,1
3420,1
3421,2
3422,1
3423,1
3424,1
3425,1
3426,2
3427,2
3428,1
3429,1
3430,1
3431,1
3432,1
3433,1
3434,1
3435,1
3436,1
3437,1
3438,1
3439,1
3440,2
3441,2
3442,1
3443,1
3444,2
3445,1
3446,1
3447,1
3448,1
3449,1
3450,1
3451,1
3452,2
3453,2
3454,1
3455,1
3456,1
3457,2
3458,1
3459,1
3460,1
3461,1
3462,1
3463,1
3464,2
3465,1
3466,2
3467,1
3468,1
3469,1
3470,1
3471,1
3472,2
3473,1
3474,1
3475,1
3476,1
3477,1
3478,2
3479,1
3480,1
3481,2
3482,1
3483,1
3484,2
3485,1
3486,1
3487,1
3488,2
3489,1
3490,1
3491,2
3492,2
3493,1
3494,1
3495,1
3496,1
3497,1
3498,1
3499,2
3500,1
3501,1
3502,1
3503,1
3504,1
3505,2
3506,1
3507,1
3508,1
3509,1
3510,1
3511,1
3512,1
3513,1
3514,1
3515,1
3516,1
3517,1
3518,1
3519,1
3520,1
3521,1
3522,1
3523,1
3524,1
3525,2
3526,1
3527,1
3528,1
3529,1
3530,1
3531,1
3532,1
3533,2
3534,2
3535,1
3536,2
3537,1
3538,1
3539,1
3540,1
3541,1
3542,1
3543,1
3544,1
3545,1
3546,1
3547,1
3548,1
3549,1
3550,1
3551,2
3552,1
3553,1
3554,1
3555,1
3556,2
3557,2
3558,1
3559,1
3560,1
3561,1
3562,1
3563,1
3564,1
3565,1
3566,1
3567,2
3568,1
3569,1
3570,2
3571,1
3572,1
3573,1
3574,1
3575,2
3576,2
3577,2
3578,2
3579,2
3580,1
3581,1
3582,1
3583,2
3584,2
3585,1
3586,2
3587,2
3588,2
3589,2
3590,1
3591,2
3592,2
3593,2
3594,2
3595,2
3596,1
3597,2
3598,2
3599,1
3600,1
3601,1
3602,1
3603,2
3604,1
3605,2
3606,2
3607,2
3608,2
3609,2
3610,1
3611,2
3612,2
3613,2
3614,2
3615,2
3616,2
3617,2
3618,2
3619,2
3620,2
3621,2
3622,2
3623,2
3624,2
3625,2
3626,2
3627,1
3628,1
3629,1
3630,1
3631,1
3632,1
3633,1
3634,2
3635,1
3636,2
3637,2
3638,1
3639,2
3640,1
3641,1
3642,2
3643,1
3644,1
3645,1
3646,1
3647,1
3648,1
3649,1
3650,1
3651,1
3652,1
3653,1
3654,1
3655,1
3656,1
3657,1
3658,1
3659,1
3660,1
3661,1
3662,1
3663,1
3664,1
3665,1
3666,1
3667,2
3668,2
3669,1
3670,2
3671,1
3672,1
3673,1
3674,1
3675,1
3676,2
3677,1
3678,1
3679,1
3680,1
3681,1
3682,1
3683,1
3684,2
3685,1
3686,1
3687,1
3688,1
3689,1
3690,1
3691,1
3692,1
3693,1
3694,1
3695,1
3696,1
3697,1
3698,1
3699,1
3700,1
3701,1
3702,1
3703,1
3704,1
3705,1
3706,1
3707,1
3708,1
3709,1
3710,1
3711,1
3712,1
3713,1
3714,1
3715,1
3716,1
3717,1
3718,1
3719,1
3720,2
3721,1
3722,1
3723,1
3724,1
3725,1
3726,1
3727,1
3728,1
3729,1
3730,1
3731,1
3732,1
3733,1
3734,1
3735,1
3736,1
3737,1
3738,1
3739,1
3740,1
3741,1
3742,1
3743,2
3744,1
3745,1
3746,1
3747,1
3748,1
3749,1
3750,2
3751,1
3752,1
3753,1
3754,1
3755,1
3756,1
3757,1
3758,1
3759,1
3760,1
3761,2
3762,1
3763,1
3764,1
3765,1
3766,1
3767,1
3768,2
3769,1
3770,1
3771,2
3772,1
3773,1
3774,1
3775,1
3776,2
3777,1
3778,2
3779,1
3780,1
3781,2
3782,2
3783,1
3784,1
3785,1
3786,1
3787,1
3788,2
3789,2
3790,1
3791,2
3792,2
3793,1
3794,1
3795,1
3796,2
3797,1
3798,1
3799,2
3800,2
3801,2
3802,2
3803,2
3804,2
3805,2
3806,1
3807,1
3808,2
3809,1
3810,2
3811,1
3812,1
3813,1
3814,1
3815,1
3816,1
3817,1
3818,1
3819,1
3820,1
3821,1
3822,1
3823,1
3824,1
3825,1
3826,1
3827,1
3828,1
3829,1
3830,1
3831,2
3832,1
3833,1
3834,1
3835,2
3836,1
3837,1
3838,1
3839,1
3840,1
3841,1
3842,2
3843,1
3844,1
3845,1
3846,1
3847,1
3848,1
3849,1
3850,2
3851,1
3852,1
3853,1
3854,2
3855,2
3856,2
3857,2
3858,2
3859,1
3860,2
3861,1
3862,2
3863,1
3864,1
3865,1
3866,1
3867,1
3868,1
3869,1
3870,2
3871,1
3872,1
3873,2
3874,1
3875,2
3876,1
3877,1
3878,1
3879,1
3880,1
3881,1
3882,1
3883,1
3884,1
3885,1
3886,1
3887,1
3888,1
3889,1
3890,1
3891,1
3892,1
3893,2
3894,1
3895,2
3896,2
3897,1
3898,1
3899,1
3900,1
3901,1
3902,2
3903,2
3904,1
3905,1
3906,2
3907,1
3908,2
3909,2
3910,2
3911,2
3912,2
3913,1
3914,1
3915,1
3916,2
3917,2
3918,1
3919,1
3920,1
3921,2
3922,1
3923,2
3924,1
3925,2
3926,1
3927,1
3928,1
3929,1
3930,1
3931,1
3932,1
3933,1
3934,2
3935,2
3936,2
3937,1
3938,1
3939,1
3940,2
3941,1
3942,1
3943,1
3944,2
3945,2
3946,2
3947,2
3948,2
3949,2
3950,1
3951,2
3952,1
3953,2
3954,1
3955,2
3956,1
3957,1
3958,1
3959,2
3960,1
3961,1
3962,2
3963,1
3964,2
3965,1
3966,1
3967,1
3968,1
3969,1
3970,2
3971,1
3972,1
3973,1
3974,1
3975,1
3976,1
3977,1
3978,1
3979,1
3980,1
3981,1
3982,1
3983,1
3984,1
3985,1
3986,1
3987,1
3988,2
3989,1
3990,1
3991,1
3992,1
3993,1
3994,1
3995,1
3996,1
3997,1
3998,1
3999,1
4000,1
4001,1
4002,1
4003,1
4004,1
4005,1
4006,2
4007,1
4008,1
4009,1
4010,1
4011,1
4012,1
4013,1
4014,2
4015,1
4016,1
4017,1
4018,1
4019,1
4020,1
4021,1
4022,1
4023,1
4024,1
4025,1
4026,2
4027,1
4028,2
4029,1
4030,1
4031,2
4032,1
4033,1
4034,2
4035,1
4036,1
4037,2
4038,2
4039,1
4040,2
4041,2
4042,2
4043,1
4044,2
4045,2
4046,2
4047,2
4048,1
4049,2
4050,1
4051,1
4052,2
4053,2
4054,1
4055,1
4056,1
4057,1
4058,1
4059,1
4060,1
4061,1
4062,1
4063,1
4064,1
4065,2
4066,2
4067,1
4068,1
4069,1
4070,2
4071,1
4072,1
4073,1
4074,1
4075,1
4076,1
4077,1
4078,1
4079,1
4080,1
4081,1
4082,1
4083,1
4084,1
4085,1
4086,1
4087,1
4088,1
4089,1
4090,1
4091,2
4092,1
4093,2
4094,1
4095,1
4096,1
4097,1
4098,1
4099,1
4100,1
4101,1
4102,1
4103,1
4104,1
4105,1
4106,1
4107,1
4108,1
4109,2
4110,1
4111,1
4112,1
4113,1
4114,2
4115,1
4116,1
4117,2
4118,1
4119,1
4120,1
4121,1
4122,2
4123,2
4124,1
4125,2
4126,1
4127,1
4128,1
4129,1
4130,2
4131,1
4132,1
4133,1
4134,1
4135,1
4136,1
4137,1
4138,2
4139,1
4140,2
4141,2
4142,2
4143,2
4144,1
4145,2
4146,1
4147,1
4148,2
4149,1
4150,1
4151,1
4152,2
4153,1
4154,2
4155,2
4156,2
4157,2
4158,2
4159,2
4160,2
4161,2
4162,2
4163,2
4164,2
4165,1
4166,2
4167,1
4168,1
4169,1
4170,1
4171,1
4172,1
4173,1
4174,1
4175,1
4176,1
4177,2
4178,2
4179,1
4180,1
4181,1
4182,1
4183,1
4184,1
4185,1
4186,1
4187,1
4188,1
4189,1
4190,1
4191,1
4192,1
4193,1
4194,2
4195,1
4196,1
4197,1
4198,2
4199,1
4200,1
4201,1
4202,2
4203,1
4204,1
4205,2
4206,1
4207,1
4208,1
4209,1
4210,1
4211,2
4212,1
4213,2
4214,2
4215,1
4216,2
4217,1
4218,2
4219,1
4220,2
4221,1
4222,1
4223,2
4224,1
4225,2
4226,1
4227,1
4228,2
4229,1
4230,2
4231,1
4232,1
4233,1
4234,1
4235,2
4236,1
4237,1
4238,2
4239,1
4240,1
4241,2
4242,1
4243,2
4244,1
4245,1
4246,2
4247,1
4248,1
4249,1
4250,2
4251,2
4252,2
4253,1
4254,2
4255,2
4256,1
4257,1
4258,2
4259,1
4260,2
4261,1
4262,2
4263,2
4264,1
4265,1
4266,1
4267,2
4268,1
4269,2
4270,1
4271,1
4272,1
4273,1
4274,1
4275,1
4276,1
4277,2
4278,1
4279,1
4280,2
4281,1
4282,1
4283,1
4284,1
4285,1
4286,1
4287,1
4288,1
4289,1
4290,2
4291,1
4292,2
4293,2
4294,1
4295,1
4296,1
4297,1
4298,1
4299,1
4300,1
4301,1
4302,1
4303,1
4304,1
4305,2
4306,1
4307,1
4308,1
4309,2
4310,1
4311,1
4312,2
4313,1
4314,1
4315,1
4316,1
4317,1
4318,1
4319,2
4320,2
4321,2
4322,1
4323,1
4324,1
4325,2
4326,2
4327,1
4328,1
4329,1
4330,1
4331,1
4332,1
4333,1
4334,2
4335,1
4336,1
4337,1
4338,1
4339,1
4340,2
4341,1
4342,1
4343,2
4344,1
4345,1
4346,2
4347,2
4348,1
4349,2
4350,1
4351,2
4352,2
4353,2
4354,2
4355,2
4356,1
4357,1
4358,2
4359,1
4360,1
4361,2
4362,1
4363,1
4364,1
4365,2
4366,1
4367,1
4368,1
4369,2
4370,1
4371,1
4372,1
4373,1
4374,2
4375,1
4376,1
4377,1
4378,1
4379,1
4380,1
4381,1
4382,1
4383,1
4384,1
4385,1
4386,2
4387,1
4388,2
4389,1
4390,1
4391,1
4392,2
4393,1
4394,1
4395,1
4396,2
4397,1
4398,2
4399,2
4400,1
4401,2
4402,2
4403,1
4404,2
4405,1
4406,1
4407,1
4408,1
4409,1
4410,1
4411,1
4412,1
4413,1
4414,1
4415,1
4416,2
4417,1
4418,1
4419,1
4420,1
4421,1
4422,1
4423,1
4424,2
4425,1
4426,1
4427,1
4428,1
4429,1
4430,2
4431,1
4432,1
4433,1
4434,2
4435,1
4436,1
4437,1
4438,2
4439,1
4440,2
4441,2
4442,1
4443,1
4444,1
4445,1
4446,1
4447,1
4448,1
4449,1
4450,1
4451,2
4452,1
4453,1
4454,1
4455,1
4456,1
4457,1
4458,1
4459,1
4460,2
4461,1
4462,1
4463,1
4464,1
4465,1
4466,2
4467,1
4468,1
4469,2
4470,1
4471,1
4472,1
4473,1
4474,1
4475,1
4476,1
4477,2
4478,1
4479,1
4480,1
4481,1
4482,1
4483,1
4484,1
4485,1
4486,1
4487,1
4488,1
4489,1
4490,1
4491,1
4492,1
4493,2
4494,1
4495,1
4496,1
4497,1
4498,1
4499,1
4500,1
4501,2
4502,1
4503,1
4504,1
4505,1
4506,1
4507,1
4508,1
4509,1
4510,1
4511,1
4512,1
4513,1
4514,1
4515,1
4516,1
4517,1
4518,1
4519,1
4520,1
4521,1
4522,2
4523,1
4524,1
4525,1
4526,1
4527,1
4528,1
4529,1
4530,1
4531,1
4532,1
4533,1
4534,1
4535,1
4536,1
4537,1
4538,2
4539,1
4540,1
4541,1
4542,1
4543,2
4544,1
4545,1
4546,1
4547,1
4548,2
4549,1
4550,1
4551,2
4552,1
4553,1
4554,1
4555,2
4556,1
4557,1
4558,2
4559,1
4560,1
4561,1
4562,1
4563,1
4564,1
4565,1
4566,1
4567,1
4568,1
4569,1
4570,1
4571,1
4572,2
4573,1
4574,2
4575,1
4576,1
4577,1
4578,1
4579,1
4580,2
4581,2
4582,1
4583,1
4584,2
4585,2
4586,1
4587,2
4588,1
4589,1
4590,2
4591,1
4592,2
4593,2
4594,2
4595,1
4596,2
4597,2
4598,2
4599,2
4600,2
4601,2
4602,2
4603,1
4604,1
4605,1
4606,1
4607,2
4608,2
4609,1
4610,1
4611,1
4612,2
4613,1
4614,2
4615,1
4616,1
4617,1
4618,1
4619,2
4620,1
4621,1
4622,1
4623,1
4624,1
4625,1
4626,2
4627,1
4628,2
4629,1
4630,1
4631,1
4632,1
4633,1
4634,1
4635,1
4636,1
4637,1
4638,2
4639,2
4640,1
4641,2
4642,1
4643,1
4644,1
4645,2
4646,1
4647,2
4648,2
4649,1
4650,1
4651,2
4652,1
4653,1
4654,1
4655,2
4656,1
4657,2
4658,1
4659,1
4660,1
4661,1
4662,1
4663,2
4664,1
4665,1
4666,1
4667,1
4668,1
4669,2
4670,1
4671,2
4672,1
4673,1
4674,1
4675,1
4676,2
4677,1
4678,1
4679,2
4680,1
4681,1
4682,1
4683,2
4684,1
4685,1
4686,1
4687,1
4688,2
4689,1
4690,1
4691,1
4692,2
4693,2
4694,2
4695,2
4696,2
4697,1
4698,2
4699,1
4700,1
4701,1
4702,2
4703,1
4704,1
4705,1
4706,1
4707,1
4708,1
4709,2
4710,1
4711,1
4712,2
4713,1
4714,1
4715,1
4716,1
4717,1
4718,1
4719,2
4720,2
4721,2
4722,2
4723,1
4724,1
4725,1
4726,1
4727,1
4728,1
4729,1
4730,1
4731,1
4732,1
4733,1
4734,1
4735,1
4736,1
4737,1
4738,1
4739,1
4740,1
4741,1
4742,1
4743,1
4744,2
4745,2
4746,1
4747,1
4748,1
4749,1
4750,1
4751,2
4752,1
4753,2
4754,1
4755,1
4756,2
4757,2
4758,1
4759,1
4760,1
4761,1
4762,1
4763,1
4764,1
4765,1
4766,2
4767,1
4768,1
4769,1
4770,1
4771,2
4772,1
4773,1
4774,2
4775,2
4776,2
4777,2
4778,1
4779,1
4780,2
4781,2
4782,1
4783,2
4784,1
4785,2
4786,1
4787,1
4788,2
4789,2
4790,2
4791,1
4792,1
4793,1
4794,1
4795,1
4796,1
4797,1
4798,1
4799,2
4800,1
4801,2
4802,1
4803,1
4804,1
4805,1
4806,2
4807,1
4808,2
4809,1
4810,1
4811,1
4812,1
4813,1
4814,1
4815,1
4816,1
4817,2
4818,1
4819,1
4820,1
4821,2
4822,1
4823,1
4824,1
4825,1
4826,2
4827,1
4828,2
4829,1
4830,1
4831,2
4832,1
4833,2
4834,2
4835,2
4836,1
4837,2
4838,1
4839,1
4840,1
4841,1
4842,1
4843,1
4844,1
4845,1
4846,2
4847,1
4848,1
4849,1
4850,1
4851,1
4852,1
4853,1
4854,1
4855,1
4856,1
4857,1
4858,1
4859,1
4860,2
4861,1
4862,2
4863,1
4864,1
4865,2
4866,1
4867,1
4868,1
4869,2
4870,1
4871,1
4872,2
4873,1
4874,1
4875,1
4876,1
4877,1
4878,1
4879,2
4880,2
4881,2
4882,2
4883,2
4884,1
4885,1
4886,1
4887,1
4888,2
4889,1
4890,2
4891,2
4892,1
4893,1
4894,1
4895,1
4896,1
4897,1
4898,1
4899,1
4900,1
4901,1
4902,1
4903,1
4904,1
4905,2
4906,1
4907,1
4908,1
4909,2
4910,1
4911,1
4912,2
4913,1
4914,2
4915,1
4916,1
4917,1
4918,1
4919,1
4920,2
4921,1
4922,1
4923,1
4924,1
4925,1
4926,1
4927,1
4928,1
4929,2
4930,2
4931,1
4932,2
4933,1
4934,1
4935,2
4936,1
4937,1
4938,2
4939,1
4940,1
4941,1
4942,1
4943,1
4944,1
4945,1
4946,1
4947,1
4948,1
4949,1
4950,1
4951,2
4952,1
4953,1
4954,1
4955,2
4956,1
4957,1
4958,1
4959,1
4960,2
4961,1
4962,2
4963,2
4964,2
4965,1
4966,1
4967,1
4968,1
4969,2
4970,1
4971,1
4972,1
4973,1
4974,1
4975,1
4976,1
4977,2
4978,1
4979,2
4980,1
4981,1
4982,1
4983,1
4984,1
4985,2
4986,1
4987,2
4988,2
4989,1
4990,1
4991,1
4992,1
4993,2
4994,1
4995,2
4996,2
4997,1
4998,1
4999,1
5000,2
5001,2
5002,1